Centro;"Primer apellido";"Segundo apellido";Nombre;Ense√±anza;"Criterios prioritarios";"Localidad domicilio familiar";Fase;Estado;"Puntos validados";"Numero sorteo asignado";"Centro Origen";"Reserva de Plaza"
"MARÕA ZAMBRANO";pape277;sape277;nombre277;ebo;1;nodata;borrador;irregular;192;0;NOCENTRO;0
"MARÕA ZAMBRANO";pape745;sape745;nombre745;ebo;2;nodata;borrador;duplicada;189;0;NOCENTRO;0
"MARÕA ZAMBRANO";pape765;sape765;nombre765;ebo;3;nodata;borrador;irregular;182;0;NOCENTRO;0
"MARÕA ZAMBRANO";pape154;sape154;nombre154;ebo;3;nodata;baremada;duplicada;175;317;NOCENTRO;0
"MARÕA ZAMBRANO";pape983;sape983;nombre983;ebo;2;nodata;baremada;irregular;168;150;NOCENTRO;0
"MARÕA ZAMBRANO";pape546;sape546;nombre546;ebo;3;nodata;borrador;irregular;157;0;NOCENTRO;0
"MARÕA ZAMBRANO";pape507;sape507;nombre507;ebo;2;nodata;baremada;apta;154;8;NOCENTRO;0
"MARÕA ZAMBRANO";pape734;sape734;nombre734;ebo;3;nodata;borrador;irregular;151;0;NOCENTRO;0
"MARÕA ZAMBRANO";pape138;sape138;nombre138;ebo;2;nodata;borrador;duplicada;148;0;NOCENTRO;0
"MARÕA ZAMBRANO";pape128;sape128;nombre128;ebo;2;nodata;borrador;apta;138;0;NOCENTRO;0
"MARÕA ZAMBRANO";pape203;sape203;nombre203;ebo;1;nodata;baremada;duplicada;136;52;NOCENTRO;0
"MARÕA ZAMBRANO";pape15;sape15;nombre15;ebo;1;nodata;borrador;duplicada;132;0;NOCENTRO;0
"MARÕA ZAMBRANO";pape229;sape229;nombre229;ebo;2;nodata;baremada;irregular;123;141;NOCENTRO;0
"MARÕA ZAMBRANO";pape103;sape103;nombre103;ebo;1;nodata;borrador;apta;121;0;NOCENTRO;0
"MARÕA ZAMBRANO";pape918;sape918;nombre918;ebo;3;nodata;baremada;apta;115;173;NOCENTRO;0
"MARÕA ZAMBRANO";pape871;sape871;nombre871;ebo;3;nodata;borrador;duplicada;107;0;NOCENTRO;0
"MARÕA ZAMBRANO";pape634;sape634;nombre634;ebo;1;nodata;borrador;duplicada;104;0;NOCENTRO;0
"MARÕA ZAMBRANO";pape284;sape284;nombre284;ebo;3;nodata;baremada;irregular;98;357;NOCENTRO;0
"MARÕA ZAMBRANO";pape725;sape725;nombre725;ebo;3;nodata;baremada;apta;94;110;NOCENTRO;0
"MARÕA ZAMBRANO";pape849;sape849;nombre849;ebo;2;nodata;baremada;duplicada;90;290;NOCENTRO;0
"MARÕA ZAMBRANO";pape786;sape786;nombre786;ebo;3;nodata;borrador;duplicada;86;0;NOCENTRO;0
"MARÕA ZAMBRANO";pape898;sape898;nombre898;ebo;2;nodata;baremada;duplicada;70;232;NOCENTRO;0
"MARÕA ZAMBRANO";pape979;sape979;nombre979;ebo;2;nodata;baremada;irregular;64;83;NOCENTRO;0
"MARÕA ZAMBRANO";pape955;sape955;nombre955;ebo;3;nodata;borrador;apta;61;0;NOCENTRO;0
"MARÕA ZAMBRANO";pape854;sape854;nombre854;ebo;3;nodata;borrador;irregular;52;0;NOCENTRO;0
"MARÕA ZAMBRANO";pape143;sape143;nombre143;ebo;3;nodata;borrador;duplicada;48;0;NOCENTRO;0
"MARÕA ZAMBRANO";pape914;sape914;nombre914;ebo;2;nodata;borrador;irregular;39;0;NOCENTRO;0
"MARÕA ZAMBRANO";pape170;sape170;nombre170;ebo;2;nodata;baremada;irregular;37;185;NOCENTRO;0
"MARÕA ZAMBRANO";pape606;sape606;nombre606;ebo;3;nodata;borrador;irregular;31;0;NOCENTRO;0
"MARÕA ZAMBRANO";pape396;sape396;nombre396;ebo;1;nodata;baremada;duplicada;24;230;NOCENTRO;0
"MARÕA ZAMBRANO";pape386;sape386;nombre386;ebo;2;nodata;baremada;apta;22;166;NOCENTRO;0
"MARÕA ZAMBRANO";pape749;sape749;nombre749;ebo;1;nodata;baremada;duplicada;17;300;NOCENTRO;0
"MARÕA ZAMBRANO";pape769;sape769;nombre769;ebo;2;nodata;baremada;duplicada;16;31;NOCENTRO;0
"MARÕA ZAMBRANO";pape867;sape867;nombre867;ebo;3;nodata;baremada;duplicada;10;204;NOCENTRO;0
FIGUERUELAS;pape176;sape176;nombre176;ebo;3;nodata;borrador;duplicada;199;0;NOCENTRO;0
FIGUERUELAS;pape679;sape679;nombre679;ebo;1;nodata;baremada;irregular;196;94;NOCENTRO;0
FIGUERUELAS;pape973;sape973;nombre973;ebo;2;nodata;baremada;irregular;192;102;NOCENTRO;0
FIGUERUELAS;pape57;sape57;nombre57;ebo;1;nodata;baremada;duplicada;185;338;NOCENTRO;0
FIGUERUELAS;pape9;sape9;nombre9;ebo;2;nodata;borrador;duplicada;183;0;NOCENTRO;0
FIGUERUELAS;pape603;sape603;nombre603;ebo;3;nodata;borrador;irregular;180;0;NOCENTRO;0
FIGUERUELAS;pape954;sape954;nombre954;ebo;1;nodata;baremada;apta;172;286;NOCENTRO;0
FIGUERUELAS;pape696;sape696;nombre696;ebo;1;nodata;baremada;irregular;141;197;NOCENTRO;0
FIGUERUELAS;pape780;sape780;nombre780;ebo;3;nodata;baremada;duplicada;139;335;NOCENTRO;0
FIGUERUELAS;pape6;sape6;nombre6;ebo;2;nodata;baremada;duplicada;134;318;NOCENTRO;0
FIGUERUELAS;pape657;sape657;nombre657;ebo;1;nodata;borrador;duplicada;125;0;NOCENTRO;0
FIGUERUELAS;pape527;sape527;nombre527;ebo;2;nodata;borrador;duplicada;122;0;NOCENTRO;0
FIGUERUELAS;pape748;sape748;nombre748;ebo;2;nodata;baremada;apta;119;139;NOCENTRO;0
FIGUERUELAS;pape114;sape114;nombre114;ebo;1;nodata;borrador;irregular;94;0;NOCENTRO;0
FIGUERUELAS;pape547;sape547;nombre547;ebo;3;nodata;borrador;irregular;72;0;NOCENTRO;0
FIGUERUELAS;pape314;sape314;nombre314;ebo;2;nodata;borrador;duplicada;71;0;NOCENTRO;0
FIGUERUELAS;pape932;sape932;nombre932;ebo;1;nodata;borrador;irregular;70;0;NOCENTRO;0
FIGUERUELAS;pape320;sape320;nombre320;ebo;1;nodata;borrador;irregular;70;0;NOCENTRO;0
FIGUERUELAS;pape822;sape822;nombre822;ebo;1;nodata;borrador;irregular;66;0;NOCENTRO;0
FIGUERUELAS;pape438;sape438;nombre438;ebo;3;nodata;baremada;apta;65;332;NOCENTRO;0
FIGUERUELAS;pape617;sape617;nombre617;ebo;2;nodata;borrador;irregular;54;0;NOCENTRO;0
FIGUERUELAS;pape461;sape461;nombre461;ebo;3;nodata;borrador;apta;48;0;NOCENTRO;0
FIGUERUELAS;pape323;sape323;nombre323;ebo;3;nodata;borrador;duplicada;40;0;NOCENTRO;0
FIGUERUELAS;pape357;sape357;nombre357;ebo;1;nodata;borrador;duplicada;40;0;NOCENTRO;0
FIGUERUELAS;pape706;sape706;nombre706;ebo;2;nodata;baremada;irregular;37;62;NOCENTRO;0
FIGUERUELAS;pape165;sape165;nombre165;ebo;2;nodata;borrador;irregular;28;0;NOCENTRO;0
FIGUERUELAS;pape859;sape859;nombre859;ebo;2;nodata;borrador;irregular;26;0;NOCENTRO;0
FIGUERUELAS;pape69;sape69;nombre69;ebo;2;nodata;borrador;apta;19;0;NOCENTRO;0
FIGUERUELAS;pape884;sape884;nombre884;ebo;2;nodata;baremada;duplicada;18;168;NOCENTRO;0
FIGUERUELAS;pape231;sape231;nombre231;ebo;3;nodata;baremada;apta;18;354;NOCENTRO;0
FIGUERUELAS;pape580;sape580;nombre580;ebo;2;nodata;borrador;duplicada;17;0;NOCENTRO;0
FIGUERUELAS;pape724;sape724;nombre724;ebo;2;nodata;baremada;duplicada;12;336;NOCENTRO;0
FIGUERUELAS;pape14;sape14;nombre14;ebo;2;nodata;baremada;duplicada;10;105;NOCENTRO;0
"MARTINA BESC”S";pape169;sape169;nombre169;ebo;1;nodata;borrador;irregular;198;0;NOCENTRO;0
"MARTINA BESC”S";pape886;sape886;nombre886;ebo;2;nodata;borrador;duplicada;195;0;NOCENTRO;0
"MARTINA BESC”S";pape913;sape913;nombre913;ebo;3;nodata;borrador;duplicada;191;0;NOCENTRO;0
"MARTINA BESC”S";pape451;sape451;nombre451;ebo;3;nodata;borrador;irregular;189;0;NOCENTRO;0
"MARTINA BESC”S";pape550;sape550;nombre550;ebo;2;nodata;borrador;irregular;183;0;NOCENTRO;0
"MARTINA BESC”S";pape520;sape520;nombre520;ebo;1;nodata;baremada;irregular;175;25;NOCENTRO;0
"MARTINA BESC”S";pape654;sape654;nombre654;ebo;1;nodata;baremada;apta;172;200;NOCENTRO;0
"MARTINA BESC”S";pape321;sape321;nombre321;ebo;1;nodata;baremada;duplicada;160;109;NOCENTRO;0
"MARTINA BESC”S";pape900;sape900;nombre900;ebo;3;nodata;baremada;duplicada;141;214;NOCENTRO;0
"MARTINA BESC”S";pape208;sape208;nombre208;ebo;3;nodata;borrador;irregular;140;0;NOCENTRO;0
"MARTINA BESC”S";pape268;sape268;nombre268;ebo;1;nodata;baremada;duplicada;122;350;NOCENTRO;0
"MARTINA BESC”S";pape418;sape418;nombre418;ebo;1;nodata;baremada;irregular;121;60;NOCENTRO;0
"MARTINA BESC”S";pape945;sape945;nombre945;ebo;3;nodata;baremada;duplicada;106;309;NOCENTRO;0
"MARTINA BESC”S";pape595;sape595;nombre595;ebo;2;nodata;baremada;duplicada;102;183;NOCENTRO;0
"MARTINA BESC”S";pape517;sape517;nombre517;ebo;3;nodata;baremada;irregular;102;195;NOCENTRO;0
"MARTINA BESC”S";pape471;sape471;nombre471;ebo;3;nodata;baremada;duplicada;94;177;NOCENTRO;0
"MARTINA BESC”S";pape636;sape636;nombre636;ebo;3;nodata;baremada;duplicada;73;163;NOCENTRO;0
"MARTINA BESC”S";pape90;sape90;nombre90;ebo;3;nodata;baremada;duplicada;66;345;NOCENTRO;0
"MARTINA BESC”S";pape503;sape503;nombre503;ebo;3;nodata;borrador;duplicada;51;0;NOCENTRO;0
"MARTINA BESC”S";pape699;sape699;nombre699;ebo;3;nodata;baremada;duplicada;50;237;NOCENTRO;0
"MARTINA BESC”S";pape823;sape823;nombre823;ebo;2;nodata;borrador;irregular;47;0;NOCENTRO;0
"MARTINA BESC”S";pape65;sape65;nombre65;ebo;3;nodata;baremada;duplicada;36;5;NOCENTRO;0
"MARTINA BESC”S";pape162;sape162;nombre162;ebo;1;nodata;borrador;apta;33;0;NOCENTRO;0
"MARTINA BESC”S";pape424;sape424;nombre424;ebo;3;nodata;borrador;irregular;31;0;NOCENTRO;0
"MARTINA BESC”S";pape873;sape873;nombre873;ebo;3;nodata;baremada;duplicada;26;333;NOCENTRO;0
"MARTINA BESC”S";pape97;sape97;nombre97;ebo;3;nodata;baremada;duplicada;19;157;NOCENTRO;0
"MARTINA BESC”S";pape311;sape311;nombre311;ebo;1;nodata;borrador;duplicada;13;0;NOCENTRO;0
"SOLEDAD PU…RTOLAS";pape104;sape104;nombre104;ebo;3;nodata;borrador;duplicada;191;0;NOCENTRO;0
"SOLEDAD PU…RTOLAS";pape124;sape124;nombre124;ebo;2;nodata;borrador;duplicada;188;0;NOCENTRO;0
"SOLEDAD PU…RTOLAS";pape779;sape779;nombre779;ebo;1;nodata;baremada;duplicada;182;302;NOCENTRO;0
"SOLEDAD PU…RTOLAS";pape13;sape13;nombre13;ebo;2;nodata;borrador;apta;182;0;NOCENTRO;0
"SOLEDAD PU…RTOLAS";pape63;sape63;nombre63;ebo;2;nodata;borrador;duplicada;181;0;NOCENTRO;0
"SOLEDAD PU…RTOLAS";pape281;sape281;nombre281;ebo;2;nodata;borrador;apta;169;0;NOCENTRO;0
"SOLEDAD PU…RTOLAS";pape455;sape455;nombre455;ebo;1;nodata;baremada;duplicada;156;250;NOCENTRO;0
"SOLEDAD PU…RTOLAS";pape763;sape763;nombre763;ebo;1;nodata;baremada;duplicada;148;37;NOCENTRO;0
"SOLEDAD PU…RTOLAS";pape459;sape459;nombre459;ebo;1;nodata;baremada;duplicada;146;220;NOCENTRO;0
"SOLEDAD PU…RTOLAS";pape891;sape891;nombre891;ebo;3;nodata;baremada;irregular;145;103;NOCENTRO;0
"SOLEDAD PU…RTOLAS";pape102;sape102;nombre102;ebo;3;nodata;borrador;apta;130;0;NOCENTRO;0
"SOLEDAD PU…RTOLAS";pape285;sape285;nombre285;ebo;1;nodata;borrador;irregular;96;0;NOCENTRO;0
"SOLEDAD PU…RTOLAS";pape101;sape101;nombre101;ebo;1;nodata;baremada;apta;92;75;NOCENTRO;0
"SOLEDAD PU…RTOLAS";pape758;sape758;nombre758;ebo;1;nodata;baremada;duplicada;85;319;NOCENTRO;0
"SOLEDAD PU…RTOLAS";pape273;sape273;nombre273;ebo;1;nodata;borrador;irregular;81;0;NOCENTRO;0
"SOLEDAD PU…RTOLAS";pape336;sape336;nombre336;ebo;3;nodata;baremada;duplicada;81;218;NOCENTRO;0
"SOLEDAD PU…RTOLAS";pape196;sape196;nombre196;ebo;1;nodata;borrador;irregular;75;0;NOCENTRO;0
"SOLEDAD PU…RTOLAS";pape738;sape738;nombre738;ebo;2;nodata;borrador;duplicada;75;0;NOCENTRO;0
"SOLEDAD PU…RTOLAS";pape402;sape402;nombre402;ebo;3;nodata;borrador;irregular;71;0;NOCENTRO;0
"SOLEDAD PU…RTOLAS";pape820;sape820;nombre820;ebo;2;nodata;borrador;apta;70;0;NOCENTRO;0
"SOLEDAD PU…RTOLAS";pape585;sape585;nombre585;ebo;2;nodata;baremada;apta;65;351;NOCENTRO;0
"SOLEDAD PU…RTOLAS";pape514;sape514;nombre514;ebo;2;nodata;baremada;duplicada;53;326;NOCENTRO;0
"SOLEDAD PU…RTOLAS";pape524;sape524;nombre524;ebo;3;nodata;baremada;apta;46;240;NOCENTRO;0
"SOLEDAD PU…RTOLAS";pape978;sape978;nombre978;ebo;3;nodata;baremada;duplicada;40;47;NOCENTRO;0
"SOLEDAD PU…RTOLAS";pape46;sape46;nombre46;ebo;1;nodata;borrador;apta;21;0;NOCENTRO;0
"SOLEDAD PU…RTOLAS";pape230;sape230;nombre230;ebo;2;nodata;baremada;duplicada;19;154;NOCENTRO;0
"SOLEDAD PU…RTOLAS";pape95;sape95;nombre95;ebo;3;nodata;borrador;duplicada;16;0;NOCENTRO;0
"SOLEDAD PU…RTOLAS";pape387;sape387;nombre387;ebo;1;nodata;baremada;apta;13;282;NOCENTRO;0
"SOLEDAD PU…RTOLAS";pape890;sape890;nombre890;ebo;1;nodata;baremada;irregular;9;130;NOCENTRO;0
"SOLEDAD PU…RTOLAS";pape987;sape987;nombre987;ebo;1;nodata;baremada;irregular;8;196;NOCENTRO;0
"SOLEDAD PU…RTOLAS";pape533;sape533;nombre533;ebo;2;nodata;baremada;duplicada;4;298;NOCENTRO;0
"PARQUE VENECIA";pape534;sape534;nombre534;ebo;1;nodata;baremada;irregular;199;199;NOCENTRO;0
"PARQUE VENECIA";pape992;sape992;nombre992;ebo;1;nodata;borrador;duplicada;198;0;NOCENTRO;0
"PARQUE VENECIA";pape56;sape56;nombre56;ebo;2;nodata;borrador;apta;185;0;NOCENTRO;0
"PARQUE VENECIA";pape672;sape672;nombre672;ebo;3;nodata;baremada;apta;170;316;NOCENTRO;0
"PARQUE VENECIA";pape709;sape709;nombre709;ebo;1;nodata;baremada;irregular;143;334;NOCENTRO;0
"PARQUE VENECIA";pape912;sape912;nombre912;ebo;2;nodata;borrador;irregular;142;0;NOCENTRO;0
"PARQUE VENECIA";pape880;sape880;nombre880;ebo;2;nodata;borrador;duplicada;123;0;NOCENTRO;0
"PARQUE VENECIA";pape80;sape80;nombre80;ebo;3;nodata;baremada;apta;122;118;NOCENTRO;0
"PARQUE VENECIA";pape917;sape917;nombre917;ebo;2;nodata;borrador;irregular;122;0;NOCENTRO;0
"PARQUE VENECIA";pape183;sape183;nombre183;ebo;1;nodata;baremada;duplicada;117;296;NOCENTRO;0
"PARQUE VENECIA";pape85;sape85;nombre85;ebo;2;nodata;borrador;duplicada;112;0;NOCENTRO;0
"PARQUE VENECIA";pape732;sape732;nombre732;ebo;3;nodata;borrador;duplicada;109;0;NOCENTRO;0
"PARQUE VENECIA";pape819;sape819;nombre819;ebo;3;nodata;baremada;irregular;96;92;NOCENTRO;0
"PARQUE VENECIA";pape202;sape202;nombre202;ebo;3;nodata;baremada;apta;92;314;NOCENTRO;0
"PARQUE VENECIA";pape628;sape628;nombre628;ebo;2;nodata;borrador;duplicada;80;0;NOCENTRO;0
"PARQUE VENECIA";pape609;sape609;nombre609;ebo;1;nodata;baremada;apta;68;156;NOCENTRO;0
"PARQUE VENECIA";pape475;sape475;nombre475;ebo;1;nodata;borrador;irregular;64;0;NOCENTRO;0
"PARQUE VENECIA";pape310;sape310;nombre310;ebo;1;nodata;borrador;irregular;57;0;NOCENTRO;0
"PARQUE VENECIA";pape500;sape500;nombre500;ebo;3;nodata;baremada;apta;54;167;NOCENTRO;0
"PARQUE VENECIA";pape362;sape362;nombre362;ebo;1;nodata;baremada;duplicada;48;178;NOCENTRO;0
"PARQUE VENECIA";pape435;sape435;nombre435;ebo;1;nodata;baremada;irregular;47;339;NOCENTRO;0
"PARQUE VENECIA";pape480;sape480;nombre480;ebo;1;nodata;baremada;apta;43;244;NOCENTRO;0
"PARQUE VENECIA";pape648;sape648;nombre648;ebo;2;nodata;baremada;apta;37;89;NOCENTRO;0
"PARQUE VENECIA";pape346;sape346;nombre346;ebo;1;nodata;baremada;apta;31;340;NOCENTRO;0
"PARQUE VENECIA";pape883;sape883;nombre883;ebo;3;nodata;borrador;apta;31;0;NOCENTRO;0
"VALDESPARTERA III";pape141;sape141;nombre141;ebo;1;nodata;borrador;irregular;194;0;NOCENTRO;0
"VALDESPARTERA III";pape689;sape689;nombre689;ebo;1;nodata;baremada;apta;185;119;NOCENTRO;0
"VALDESPARTERA III";pape497;sape497;nombre497;ebo;1;nodata;baremada;apta;184;125;NOCENTRO;0
"VALDESPARTERA III";pape415;sape415;nombre415;ebo;3;nodata;borrador;irregular;180;0;NOCENTRO;0
"VALDESPARTERA III";pape272;sape272;nombre272;ebo;3;nodata;borrador;irregular;172;0;NOCENTRO;0
"VALDESPARTERA III";pape378;sape378;nombre378;ebo;2;nodata;baremada;apta;148;13;NOCENTRO;0
"VALDESPARTERA III";pape702;sape702;nombre702;ebo;3;nodata;baremada;duplicada;148;242;NOCENTRO;0
"VALDESPARTERA III";pape921;sape921;nombre921;ebo;3;nodata;borrador;apta;141;0;NOCENTRO;0
"VALDESPARTERA III";pape92;sape92;nombre92;ebo;1;nodata;borrador;irregular;134;0;NOCENTRO;0
"VALDESPARTERA III";pape262;sape262;nombre262;ebo;2;nodata;baremada;irregular;125;265;NOCENTRO;0
"VALDESPARTERA III";pape827;sape827;nombre827;ebo;2;nodata;baremada;apta;109;28;NOCENTRO;0
"VALDESPARTERA III";pape596;sape596;nombre596;ebo;2;nodata;borrador;duplicada;109;0;NOCENTRO;0
"VALDESPARTERA III";pape853;sape853;nombre853;ebo;2;nodata;baremada;apta;106;283;NOCENTRO;0
"VALDESPARTERA III";pape882;sape882;nombre882;ebo;2;nodata;baremada;duplicada;105;146;NOCENTRO;0
"VALDESPARTERA III";pape622;sape622;nombre622;ebo;1;nodata;borrador;irregular;100;0;NOCENTRO;0
"VALDESPARTERA III";pape977;sape977;nombre977;ebo;2;nodata;baremada;apta;100;280;NOCENTRO;0
"VALDESPARTERA III";pape961;sape961;nombre961;ebo;1;nodata;baremada;duplicada;94;171;NOCENTRO;0
"VALDESPARTERA III";pape187;sape187;nombre187;ebo;3;nodata;borrador;duplicada;90;0;NOCENTRO;0
"VALDESPARTERA III";pape830;sape830;nombre830;ebo;3;nodata;baremada;duplicada;79;63;NOCENTRO;0
"VALDESPARTERA III";pape177;sape177;nombre177;ebo;1;nodata;borrador;apta;73;0;NOCENTRO;0
"VALDESPARTERA III";pape836;sape836;nombre836;ebo;3;nodata;borrador;irregular;71;0;NOCENTRO;0
"VALDESPARTERA III";pape710;sape710;nombre710;ebo;1;nodata;borrador;apta;71;0;NOCENTRO;0
"VALDESPARTERA III";pape540;sape540;nombre540;ebo;2;nodata;baremada;irregular;61;301;NOCENTRO;0
"VALDESPARTERA III";pape450;sape450;nombre450;ebo;1;nodata;borrador;apta;54;0;NOCENTRO;0
"VALDESPARTERA III";pape181;sape181;nombre181;ebo;3;nodata;borrador;duplicada;45;0;NOCENTRO;0
"VALDESPARTERA III";pape579;sape579;nombre579;ebo;3;nodata;borrador;irregular;43;0;NOCENTRO;0
"VALDESPARTERA III";pape34;sape34;nombre34;ebo;1;nodata;borrador;apta;28;0;NOCENTRO;0
"VALDESPARTERA III";pape409;sape409;nombre409;ebo;2;nodata;baremada;apta;24;17;NOCENTRO;0
"VALDESPARTERA III";pape352;sape352;nombre352;ebo;3;nodata;borrador;irregular;20;0;NOCENTRO;0
"VALDESPARTERA III";pape513;sape513;nombre513;ebo;3;nodata;baremada;irregular;20;126;NOCENTRO;0
"VALDESPARTERA III";pape792;sape792;nombre792;ebo;2;nodata;baremada;duplicada;15;264;NOCENTRO;0
"VALDESPARTERA III";pape361;sape361;nombre361;ebo;1;nodata;baremada;duplicada;3;49;NOCENTRO;0
"VALDESPARTERA III";pape499;sape499;nombre499;ebo;3;nodata;borrador;duplicada;2;0;NOCENTRO;0
ARCOSUR;pape502;sape502;nombre502;ebo;3;nodata;borrador;duplicada;182;0;NOCENTRO;0
ARCOSUR;pape26;sape26;nombre26;ebo;2;nodata;baremada;duplicada;182;224;NOCENTRO;0
ARCOSUR;pape875;sape875;nombre875;ebo;1;nodata;baremada;duplicada;178;331;NOCENTRO;0
ARCOSUR;pape695;sape695;nombre695;ebo;3;nodata;borrador;duplicada;177;0;NOCENTRO;0
ARCOSUR;pape172;sape172;nombre172;ebo;3;nodata;baremada;irregular;135;98;NOCENTRO;0
ARCOSUR;pape747;sape747;nombre747;ebo;3;nodata;baremada;duplicada;122;131;NOCENTRO;0
ARCOSUR;pape602;sape602;nombre602;ebo;2;nodata;borrador;apta;118;0;NOCENTRO;0
ARCOSUR;pape797;sape797;nombre797;ebo;2;nodata;borrador;irregular;115;0;NOCENTRO;0
ARCOSUR;pape313;sape313;nombre313;ebo;2;nodata;baremada;duplicada;112;87;NOCENTRO;0
ARCOSUR;pape653;sape653;nombre653;ebo;3;nodata;baremada;apta;111;285;NOCENTRO;0
ARCOSUR;pape799;sape799;nombre799;ebo;2;nodata;baremada;apta;111;4;NOCENTRO;0
ARCOSUR;pape790;sape790;nombre790;ebo;3;nodata;borrador;apta;96;0;NOCENTRO;0
ARCOSUR;pape678;sape678;nombre678;ebo;1;nodata;baremada;irregular;92;249;NOCENTRO;0
ARCOSUR;pape482;sape482;nombre482;ebo;1;nodata;borrador;irregular;90;0;NOCENTRO;0
ARCOSUR;pape239;sape239;nombre239;ebo;1;nodata;baremada;duplicada;90;324;NOCENTRO;0
ARCOSUR;pape367;sape367;nombre367;ebo;2;nodata;baremada;apta;86;363;NOCENTRO;0
ARCOSUR;pape316;sape316;nombre316;ebo;2;nodata;baremada;apta;84;3;NOCENTRO;0
ARCOSUR;pape651;sape651;nombre651;ebo;2;nodata;baremada;duplicada;66;323;NOCENTRO;0
ARCOSUR;pape347;sape347;nombre347;ebo;1;nodata;baremada;apta;39;100;NOCENTRO;0
ARCOSUR;pape939;sape939;nombre939;ebo;3;nodata;borrador;irregular;21;0;NOCENTRO;0
ARCOSUR;pape317;sape317;nombre317;ebo;2;nodata;borrador;duplicada;19;0;NOCENTRO;0
ARCOSUR;pape296;sape296;nombre296;ebo;2;nodata;baremada;irregular;13;216;NOCENTRO;0
"EL PICARRAL";pape604;sape604;nombre604;ebo;2;nodata;baremada;duplicada;193;169;NOCENTRO;0
"EL PICARRAL";pape41;sape41;nombre41;ebo;2;nodata;borrador;duplicada;187;0;NOCENTRO;0
"EL PICARRAL";pape184;sape184;nombre184;ebo;2;nodata;baremada;irregular;184;132;NOCENTRO;0
"EL PICARRAL";pape553;sape553;nombre553;ebo;2;nodata;baremada;apta;173;215;NOCENTRO;0
"EL PICARRAL";pape252;sape252;nombre252;ebo;1;nodata;baremada;irregular;171;144;NOCENTRO;0
"EL PICARRAL";pape193;sape193;nombre193;ebo;1;nodata;baremada;irregular;160;225;NOCENTRO;0
"EL PICARRAL";pape474;sape474;nombre474;ebo;3;nodata;baremada;apta;145;272;NOCENTRO;0
"EL PICARRAL";pape755;sape755;nombre755;ebo;3;nodata;borrador;irregular;145;0;NOCENTRO;0
"EL PICARRAL";pape62;sape62;nombre62;ebo;2;nodata;borrador;duplicada;140;0;NOCENTRO;0
"EL PICARRAL";pape860;sape860;nombre860;ebo;1;nodata;baremada;duplicada;138;20;NOCENTRO;0
"EL PICARRAL";pape864;sape864;nombre864;ebo;1;nodata;baremada;apta;133;231;NOCENTRO;0
"EL PICARRAL";pape981;sape981;nombre981;ebo;2;nodata;baremada;irregular;129;291;NOCENTRO;0
"EL PICARRAL";pape937;sape937;nombre937;ebo;1;nodata;borrador;irregular;123;0;NOCENTRO;0
"EL PICARRAL";pape796;sape796;nombre796;ebo;3;nodata;borrador;irregular;117;0;NOCENTRO;0
"EL PICARRAL";pape199;sape199;nombre199;ebo;2;nodata;baremada;duplicada;117;151;NOCENTRO;0
"EL PICARRAL";pape82;sape82;nombre82;ebo;3;nodata;baremada;irregular;116;321;NOCENTRO;0
"EL PICARRAL";pape2;sape2;nombre2;ebo;1;nodata;baremada;apta;107;140;NOCENTRO;0
"EL PICARRAL";pape791;sape791;nombre791;ebo;2;nodata;borrador;apta;103;0;NOCENTRO;0
"EL PICARRAL";pape630;sape630;nombre630;ebo;1;nodata;baremada;apta;94;352;NOCENTRO;0
"EL PICARRAL";pape856;sape856;nombre856;ebo;3;nodata;borrador;apta;76;0;NOCENTRO;0
"EL PICARRAL";pape925;sape925;nombre925;ebo;1;nodata;baremada;apta;59;194;NOCENTRO;0
"EL PICARRAL";pape911;sape911;nombre911;ebo;1;nodata;borrador;duplicada;42;0;NOCENTRO;0
"EL PICARRAL";pape446;sape446;nombre446;ebo;3;nodata;borrador;apta;42;0;NOCENTRO;0
"EL PICARRAL";pape545;sape545;nombre545;ebo;2;nodata;borrador;duplicada;39;0;NOCENTRO;0
"EL PICARRAL";pape238;sape238;nombre238;ebo;1;nodata;baremada;irregular;38;198;NOCENTRO;0
"EL PICARRAL";pape683;sape683;nombre683;ebo;3;nodata;borrador;apta;33;0;NOCENTRO;0
"EL PICARRAL";pape204;sape204;nombre204;ebo;1;nodata;baremada;irregular;26;29;NOCENTRO;0
"EL PICARRAL";pape821;sape821;nombre821;ebo;2;nodata;baremada;duplicada;21;57;NOCENTRO;0
"EL PICARRAL";pape515;sape515;nombre515;ebo;2;nodata;borrador;apta;10;0;NOCENTRO;0
"EL PICARRAL";pape330;sape330;nombre330;ebo;2;nodata;borrador;apta;7;0;NOCENTRO;0
"EL PICARRAL";pape189;sape189;nombre189;ebo;1;nodata;baremada;duplicada;4;254;NOCENTRO;0
SEGEDA;pape612;sape612;nombre612;ebo;2;nodata;borrador;irregular;200;0;NOCENTRO;0
SEGEDA;pape72;sape72;nombre72;ebo;1;nodata;borrador;apta;196;0;NOCENTRO;0
SEGEDA;pape422;sape422;nombre422;ebo;3;nodata;borrador;irregular;193;0;NOCENTRO;0
SEGEDA;pape31;sape31;nombre31;ebo;2;nodata;borrador;duplicada;191;0;NOCENTRO;0
SEGEDA;pape48;sape48;nombre48;ebo;3;nodata;borrador;duplicada;187;0;NOCENTRO;0
SEGEDA;pape86;sape86;nombre86;ebo;1;nodata;borrador;apta;176;0;NOCENTRO;0
SEGEDA;pape626;sape626;nombre626;ebo;2;nodata;borrador;apta;149;0;NOCENTRO;0
SEGEDA;pape269;sape269;nombre269;ebo;3;nodata;borrador;duplicada;125;0;NOCENTRO;0
SEGEDA;pape680;sape680;nombre680;ebo;1;nodata;baremada;apta;114;99;NOCENTRO;0
SEGEDA;pape897;sape897;nombre897;ebo;3;nodata;borrador;apta;95;0;NOCENTRO;0
SEGEDA;pape771;sape771;nombre771;ebo;1;nodata;baremada;irregular;83;310;ALBORADA;1
SEGEDA;pape428;sape428;nombre428;ebo;2;nodata;borrador;irregular;60;0;NOCENTRO;0
SEGEDA;pape775;sape775;nombre775;ebo;1;nodata;borrador;irregular;24;0;NOCENTRO;0
SEGEDA;pape752;sape752;nombre752;ebo;2;nodata;borrador;irregular;19;0;NOCENTRO;0
SEGEDA;ap508;ap508;n508;ebo;3;Zaragoza;validada;apta;7;306;NOCENTRO;0
SEGEDA;pape801;sape801;nombre801;ebo;1;nodata;baremada;apta;6;127;"RINC”N DE GOYA";1
SEGEDA;pape382;sape382;nombre382;ebo;2;nodata;validada;apta;6;76;NOCENTRO;0
SEGEDA;ap5100;ap5100;n5100;ebo;1;nodata;baremada;apta;6;39;VERO-ALCANADRE;0
SEGEDA;pape266;sape266;nombre266;ebo;1;nodata;baremada;apta;6;18;"RECTOR MAM…S ESPERAB…";0
SEGEDA;ap5000;ap5000;n5000;ebo;3;Zaragoza;validada;apta;6;59;NOCENTRO;0
SEGEDA;pape857;sape857;nombre857;ebo;2;nodata;baremada;apta;6;111;NOCENTRO;0
SEGEDA;pape224;sape224;nombre224;ebo;3;nodata;baremada;apta;6;174;NOCENTRO;0
SEGEDA;pape674;sape674;nombre674;ebo;3;nodata;baremada;apta;6;24;NOCENTRO;0
SEGEDA;pape144;sape144;nombre144;ebo;1;nodata;baremada;apta;6;93;"RINC”N DE GOYA";1
SEGEDA;ap510;ap510;n510;ebo;1;nodata;baremada;apta;6;203;VERO-ALCANADRE;0
SEGEDA;pape664;sape664;nombre664;ebo;1;nodata;baremada;apta;6;7;"RINC”N DE GOYA";1
SEGEDA;pape212;sape212;nombre212;ebo;2;nodata;baremada;apta;6;243;NOCENTRO;0
SEGEDA;pape486;sape486;nombre486;ebo;3;nodata;baremada;apta;6;192;NOCENTRO;0
SEGEDA;pape153;sape153;nombre153;ebo;1;nodata;baremada;apta;6;364;"JEAN PIAGET";1
SEGEDA;pape360;sape360;nombre360;ebo;3;nodata;baremada;apta;6;147;NOCENTRO;0
SEGEDA;pape258;sape258;nombre258;ebo;3;nodata;baremada;apta;6;138;NOCENTRO;0
SEGEDA;pape501;sape501;nombre501;ebo;3;nodata;baremada;duplicada;3;120;NOCENTRO;0
SEGEDA;pa630;nodata;na630;ebo;1;nodata;borrador;apta;0;0;NOCENTRO;0
SEGEDA;pa113;nodata;n113;ebo;3;nodata;borrador;apta;0;0;NOCENTRO;0
SEGEDA;pape915;sape915;nombre915;tva;1;nodata;baremada;apta;6;48;"RINC”N DE GOYA";1
SEGEDA;pape929;sape929;nombre929;tva;2;nodata;baremada;apta;6;108;NOCENTRO;0
SEGEDA;pape907;sape907;nombre907;tva;2;nodata;baremada;apta;6;55;NOCENTRO;0
SEGEDA;pape923;sape923;nombre923;tva;3;nodata;borrador;apta;6;0;NOCENTRO;0
SEGEDA;pape530;sape530;nombre530;tva;1;nodata;baremada;apta;6;58;"JEAN PIAGET";1
SEGEDA;pape950;sape950;nombre950;tva;3;nodata;baremada;apta;6;19;NOCENTRO;0
"INTERNACIONAL ¡NFORA";pape889;sape889;nombre889;ebo;3;nodata;borrador;apta;199;0;NOCENTRO;0
"INTERNACIONAL ¡NFORA";pape671;sape671;nombre671;ebo;3;nodata;borrador;duplicada;181;0;NOCENTRO;0
"INTERNACIONAL ¡NFORA";pape843;sape843;nombre843;ebo;1;nodata;baremada;duplicada;165;26;NOCENTRO;0
"INTERNACIONAL ¡NFORA";pape610;sape610;nombre610;ebo;3;nodata;borrador;irregular;164;0;NOCENTRO;0
"INTERNACIONAL ¡NFORA";pape735;sape735;nombre735;ebo;2;nodata;baremada;duplicada;157;259;NOCENTRO;0
"INTERNACIONAL ¡NFORA";pape804;sape804;nombre804;ebo;1;nodata;baremada;apta;151;219;NOCENTRO;0
"INTERNACIONAL ¡NFORA";pape108;sape108;nombre108;ebo;3;nodata;baremada;apta;149;226;NOCENTRO;0
"INTERNACIONAL ¡NFORA";pape246;sape246;nombre246;ebo;3;nodata;borrador;irregular;145;0;NOCENTRO;0
"INTERNACIONAL ¡NFORA";pape542;sape542;nombre542;ebo;3;nodata;borrador;apta;141;0;NOCENTRO;0
"INTERNACIONAL ¡NFORA";pape739;sape739;nombre739;ebo;1;nodata;baremada;apta;137;155;NOCENTRO;0
"INTERNACIONAL ¡NFORA";pape693;sape693;nombre693;ebo;2;nodata;borrador;irregular;129;0;NOCENTRO;0
"INTERNACIONAL ¡NFORA";pape568;sape568;nombre568;ebo;1;nodata;baremada;duplicada;114;348;NOCENTRO;0
"INTERNACIONAL ¡NFORA";pape782;sape782;nombre782;ebo;3;nodata;baremada;irregular;109;44;NOCENTRO;0
"INTERNACIONAL ¡NFORA";pape959;sape959;nombre959;ebo;3;nodata;borrador;duplicada;108;0;NOCENTRO;0
"INTERNACIONAL ¡NFORA";pape663;sape663;nombre663;ebo;3;nodata;baremada;duplicada;101;343;NOCENTRO;0
"INTERNACIONAL ¡NFORA";pape531;sape531;nombre531;ebo;1;nodata;baremada;apta;95;312;NOCENTRO;0
"INTERNACIONAL ¡NFORA";pape892;sape892;nombre892;ebo;2;nodata;baremada;duplicada;62;145;NOCENTRO;0
"INTERNACIONAL ¡NFORA";pape535;sape535;nombre535;ebo;1;nodata;baremada;apta;51;115;NOCENTRO;0
"INTERNACIONAL ¡NFORA";pape795;sape795;nombre795;ebo;2;nodata;borrador;apta;48;0;NOCENTRO;0
"INTERNACIONAL ¡NFORA";pape621;sape621;nombre621;ebo;2;nodata;borrador;duplicada;35;0;NOCENTRO;0
"INTERNACIONAL ¡NFORA";pape122;sape122;nombre122;ebo;2;nodata;baremada;duplicada;30;353;NOCENTRO;0
"INTERNACIONAL ¡NFORA";pape107;sape107;nombre107;ebo;1;nodata;borrador;duplicada;28;0;NOCENTRO;0
"INTERNACIONAL ¡NFORA";pape924;sape924;nombre924;ebo;2;nodata;borrador;apta;27;0;NOCENTRO;0
"INTERNACIONAL ¡NFORA";pape484;sape484;nombre484;ebo;1;nodata;baremada;apta;26;45;NOCENTRO;0
"INTERNACIONAL ¡NFORA";pape478;sape478;nombre478;ebo;2;nodata;baremada;duplicada;15;36;NOCENTRO;0
"INTERNACIONAL ¡NFORA";pape870;sape870;nombre870;ebo;3;nodata;borrador;apta;9;0;NOCENTRO;0
"INTERNACIONAL ¡NFORA";pape433;sape433;nombre433;ebo;2;nodata;baremada;apta;1;90;NOCENTRO;0
"DE LA MUELA";pape340;sape340;nombre340;ebo;3;nodata;baremada;irregular;199;327;NOCENTRO;0
"DE LA MUELA";pape355;sape355;nombre355;ebo;1;nodata;borrador;irregular;178;0;NOCENTRO;0
"DE LA MUELA";pape647;sape647;nombre647;ebo;1;nodata;borrador;irregular;176;0;NOCENTRO;0
"DE LA MUELA";pape768;sape768;nombre768;ebo;2;nodata;baremada;apta;174;67;NOCENTRO;0
"DE LA MUELA";pape413;sape413;nombre413;ebo;3;nodata;borrador;apta;170;0;NOCENTRO;0
"DE LA MUELA";pape980;sape980;nombre980;ebo;3;nodata;borrador;duplicada;168;0;NOCENTRO;0
"DE LA MUELA";pape869;sape869;nombre869;ebo;2;nodata;borrador;irregular;165;0;NOCENTRO;0
"DE LA MUELA";pape457;sape457;nombre457;ebo;1;nodata;baremada;apta;161;129;NOCENTRO;0
"DE LA MUELA";pape877;sape877;nombre877;ebo;1;nodata;borrador;apta;161;0;NOCENTRO;0
"DE LA MUELA";pape288;sape288;nombre288;ebo;2;nodata;borrador;apta;159;0;NOCENTRO;0
"DE LA MUELA";pape510;sape510;nombre510;ebo;1;nodata;borrador;apta;156;0;NOCENTRO;0
"DE LA MUELA";pape421;sape421;nombre421;ebo;2;nodata;borrador;irregular;145;0;NOCENTRO;0
"DE LA MUELA";pape993;sape993;nombre993;ebo;1;nodata;borrador;duplicada;141;0;NOCENTRO;0
"DE LA MUELA";pape717;sape717;nombre717;ebo;2;nodata;baremada;duplicada;135;1;NOCENTRO;0
"DE LA MUELA";pape953;sape953;nombre953;ebo;1;nodata;baremada;irregular;118;66;NOCENTRO;0
"DE LA MUELA";pape995;sape995;nombre995;ebo;2;nodata;baremada;apta;114;308;NOCENTRO;0
"DE LA MUELA";pape400;sape400;nombre400;ebo;1;nodata;borrador;duplicada;112;0;NOCENTRO;0
"DE LA MUELA";pape618;sape618;nombre618;ebo;1;nodata;baremada;irregular;112;11;NOCENTRO;0
"DE LA MUELA";pape903;sape903;nombre903;ebo;3;nodata;baremada;apta;103;35;NOCENTRO;0
"DE LA MUELA";pape472;sape472;nombre472;ebo;3;nodata;baremada;duplicada;101;304;NOCENTRO;0
"DE LA MUELA";pape222;sape222;nombre222;ebo;3;nodata;borrador;irregular;98;0;NOCENTRO;0
"DE LA MUELA";pape698;sape698;nombre698;ebo;1;nodata;baremada;irregular;97;307;NOCENTRO;0
"DE LA MUELA";pape325;sape325;nombre325;ebo;3;nodata;borrador;irregular;95;0;NOCENTRO;0
"DE LA MUELA";pape544;sape544;nombre544;ebo;3;nodata;baremada;irregular;95;325;NOCENTRO;0
"DE LA MUELA";pape161;sape161;nombre161;ebo;2;nodata;baremada;irregular;84;158;NOCENTRO;0
"DE LA MUELA";pape920;sape920;nombre920;ebo;2;nodata;borrador;duplicada;84;0;NOCENTRO;0
"DE LA MUELA";pape561;sape561;nombre561;ebo;1;nodata;borrador;irregular;77;0;NOCENTRO;0
"DE LA MUELA";pape607;sape607;nombre607;ebo;2;nodata;borrador;duplicada;75;0;NOCENTRO;0
"DE LA MUELA";pape271;sape271;nombre271;ebo;3;nodata;borrador;duplicada;72;0;NOCENTRO;0
"DE LA MUELA";pape976;sape976;nombre976;ebo;3;nodata;borrador;duplicada;72;0;NOCENTRO;0
"DE LA MUELA";pape905;sape905;nombre905;ebo;1;nodata;baremada;apta;53;247;NOCENTRO;0
"DE LA MUELA";pape343;sape343;nombre343;ebo;3;nodata;baremada;duplicada;48;287;NOCENTRO;0
"DE LA MUELA";pape211;sape211;nombre211;ebo;2;nodata;baremada;irregular;38;261;NOCENTRO;0
"DE LA MUELA";pape245;sape245;nombre245;ebo;1;nodata;baremada;irregular;37;161;NOCENTRO;0
"DE LA MUELA";pape947;sape947;nombre947;ebo;1;nodata;borrador;apta;32;0;NOCENTRO;0
"DE LA MUELA";pape721;sape721;nombre721;ebo;1;nodata;borrador;irregular;22;0;NOCENTRO;0
"DE LA MUELA";pape564;sape564;nombre564;ebo;1;nodata;baremada;apta;21;107;NOCENTRO;0
"DE LA MUELA";pape99;sape99;nombre99;ebo;1;nodata;borrador;duplicada;9;0;NOCENTRO;0
"DE LA MUELA";pape39;sape39;nombre39;ebo;1;nodata;baremada;duplicada;8;162;NOCENTRO;0
"DE LA MUELA";pape598;sape598;nombre598;ebo;2;nodata;baremada;irregular;4;221;NOCENTRO;0
"DE LA MUELA";pape291;sape291;nombre291;ebo;2;nodata;baremada;duplicada;1;299;NOCENTRO;0
"FLORI¡N REY";pape525;sape525;nombre525;ebo;3;nodata;borrador;duplicada;194;0;NOCENTRO;0
"FLORI¡N REY";pape368;sape368;nombre368;ebo;3;nodata;baremada;duplicada;193;241;NOCENTRO;0
"FLORI¡N REY";pape498;sape498;nombre498;ebo;3;nodata;borrador;duplicada;179;0;NOCENTRO;0
"FLORI¡N REY";pape356;sape356;nombre356;ebo;1;nodata;baremada;duplicada;173;362;NOCENTRO;0
"FLORI¡N REY";pape453;sape453;nombre453;ebo;3;nodata;borrador;irregular;155;0;NOCENTRO;0
"FLORI¡N REY";pape91;sape91;nombre91;ebo;3;nodata;borrador;irregular;153;0;NOCENTRO;0
"FLORI¡N REY";pape43;sape43;nombre43;ebo;1;nodata;borrador;duplicada;143;0;NOCENTRO;0
"FLORI¡N REY";pape611;sape611;nombre611;ebo;1;nodata;baremada;apta;140;267;NOCENTRO;0
"FLORI¡N REY";pape591;sape591;nombre591;ebo;3;nodata;borrador;duplicada;133;0;NOCENTRO;0
"FLORI¡N REY";pape828;sape828;nombre828;ebo;1;nodata;baremada;duplicada;128;320;NOCENTRO;0
"FLORI¡N REY";pape364;sape364;nombre364;ebo;1;nodata;baremada;irregular;122;33;NOCENTRO;0
"FLORI¡N REY";pape380;sape380;nombre380;ebo;2;nodata;baremada;duplicada;120;233;NOCENTRO;0
"FLORI¡N REY";pape506;sape506;nombre506;ebo;2;nodata;baremada;apta;111;61;NOCENTRO;0
"FLORI¡N REY";pape185;sape185;nombre185;ebo;2;nodata;borrador;irregular;100;0;NOCENTRO;0
"FLORI¡N REY";pape688;sape688;nombre688;ebo;1;nodata;baremada;irregular;92;2;NOCENTRO;0
"FLORI¡N REY";pape155;sape155;nombre155;ebo;1;nodata;borrador;duplicada;87;0;NOCENTRO;0
"FLORI¡N REY";pape526;sape526;nombre526;ebo;3;nodata;borrador;irregular;85;0;NOCENTRO;0
"FLORI¡N REY";pape333;sape333;nombre333;ebo;2;nodata;borrador;apta;85;0;NOCENTRO;0
"FLORI¡N REY";pape28;sape28;nombre28;ebo;3;nodata;borrador;duplicada;84;0;NOCENTRO;0
"FLORI¡N REY";pape968;sape968;nombre968;ebo;1;nodata;baremada;apta;83;311;NOCENTRO;0
"FLORI¡N REY";pape881;sape881;nombre881;ebo;3;nodata;baremada;irregular;78;293;NOCENTRO;0
"FLORI¡N REY";pape147;sape147;nombre147;ebo;3;nodata;baremada;apta;66;251;NOCENTRO;0
"FLORI¡N REY";pape658;sape658;nombre658;ebo;3;nodata;borrador;duplicada;51;0;NOCENTRO;0
"FLORI¡N REY";pape463;sape463;nombre463;ebo;3;nodata;borrador;apta;47;0;NOCENTRO;0
"FLORI¡N REY";pape112;sape112;nombre112;ebo;3;nodata;borrador;irregular;39;0;NOCENTRO;0
"FLORI¡N REY";pape45;sape45;nombre45;ebo;1;nodata;baremada;irregular;38;355;NOCENTRO;0
"FLORI¡N REY";pape188;sape188;nombre188;ebo;1;nodata;baremada;apta;36;116;NOCENTRO;0
"FLORI¡N REY";pape984;sape984;nombre984;ebo;3;nodata;borrador;duplicada;34;0;NOCENTRO;0
"FLORI¡N REY";pape737;sape737;nombre737;ebo;3;nodata;baremada;apta;24;235;NOCENTRO;0
"FLORI¡N REY";pape569;sape569;nombre569;ebo;3;nodata;borrador;apta;23;0;NOCENTRO;0
"FLORI¡N REY";pape962;sape962;nombre962;ebo;1;nodata;baremada;apta;22;341;NOCENTRO;0
"FLORI¡N REY";pape922;sape922;nombre922;ebo;2;nodata;baremada;duplicada;21;260;NOCENTRO;0
"FLORI¡N REY";pape998;sape998;nombre998;ebo;1;nodata;borrador;apta;20;0;NOCENTRO;0
"FLORI¡N REY";pape798;sape798;nombre798;ebo;1;nodata;baremada;duplicada;18;86;NOCENTRO;0
"FLORI¡N REY";pape778;sape778;nombre778;ebo;3;nodata;borrador;duplicada;15;0;NOCENTRO;0
"FLORI¡N REY";pape253;sape253;nombre253;ebo;3;nodata;baremada;duplicada;12;252;NOCENTRO;0
"FLORI¡N REY";pape419;sape419;nombre419;ebo;2;nodata;baremada;apta;9;268;NOCENTRO;0
"FLORI¡N REY";pape994;sape994;nombre994;ebo;3;nodata;baremada;duplicada;3;189;NOCENTRO;0
"FLORI¡N REY";pape989;sape989;nombre989;ebo;2;nodata;baremada;apta;1;207;NOCENTRO;0
"PILAR BAYONA";pape337;sape337;nombre337;ebo;1;nodata;borrador;irregular;199;0;NOCENTRO;0
"PILAR BAYONA";pape552;sape552;nombre552;ebo;3;nodata;borrador;irregular;195;0;NOCENTRO;0
"PILAR BAYONA";pape54;sape54;nombre54;ebo;3;nodata;borrador;irregular;185;0;NOCENTRO;0
"PILAR BAYONA";pape481;sape481;nombre481;ebo;1;nodata;borrador;apta;184;0;NOCENTRO;0
"PILAR BAYONA";pape803;sape803;nombre803;ebo;2;nodata;borrador;apta;172;0;NOCENTRO;0
"PILAR BAYONA";pape292;sape292;nombre292;ebo;2;nodata;borrador;irregular;156;0;NOCENTRO;0
"PILAR BAYONA";pape681;sape681;nombre681;ebo;1;nodata;baremada;irregular;144;201;NOCENTRO;0
"PILAR BAYONA";pape652;sape652;nombre652;ebo;2;nodata;baremada;irregular;140;181;NOCENTRO;0
"PILAR BAYONA";pape969;sape969;nombre969;ebo;3;nodata;borrador;duplicada;129;0;NOCENTRO;0
"PILAR BAYONA";pape55;sape55;nombre55;ebo;1;nodata;baremada;apta;124;205;NOCENTRO;0
"PILAR BAYONA";pape263;sape263;nombre263;ebo;3;nodata;baremada;duplicada;117;212;NOCENTRO;0
"PILAR BAYONA";pape537;sape537;nombre537;ebo;3;nodata;borrador;duplicada;107;0;NOCENTRO;0
"PILAR BAYONA";pape904;sape904;nombre904;ebo;2;nodata;borrador;apta;101;0;NOCENTRO;0
"PILAR BAYONA";pape464;sape464;nombre464;ebo;2;nodata;borrador;apta;95;0;NOCENTRO;0
"PILAR BAYONA";pape659;sape659;nombre659;ebo;3;nodata;borrador;apta;91;0;NOCENTRO;0
"PILAR BAYONA";pape27;sape27;nombre27;ebo;1;nodata;baremada;duplicada;68;213;NOCENTRO;0
"PILAR BAYONA";pape551;sape551;nombre551;ebo;3;nodata;baremada;irregular;67;234;NOCENTRO;0
"PILAR BAYONA";pape589;sape589;nombre589;ebo;1;nodata;borrador;irregular;64;0;NOCENTRO;0
"PILAR BAYONA";pape669;sape669;nombre669;ebo;2;nodata;borrador;duplicada;59;0;NOCENTRO;0
"PILAR BAYONA";pape646;sape646;nombre646;ebo;2;nodata;borrador;irregular;59;0;NOCENTRO;0
"PILAR BAYONA";pape850;sape850;nombre850;ebo;2;nodata;baremada;irregular;41;50;NOCENTRO;0
"PILAR BAYONA";pape965;sape965;nombre965;ebo;2;nodata;borrador;irregular;39;0;NOCENTRO;0
"PILAR BAYONA";pape649;sape649;nombre649;ebo;2;nodata;baremada;irregular;37;128;NOCENTRO;0
"PILAR BAYONA";pape431;sape431;nombre431;ebo;3;nodata;baremada;irregular;35;279;NOCENTRO;0
"PILAR BAYONA";pape460;sape460;nombre460;ebo;1;nodata;baremada;apta;34;34;NOCENTRO;0
"PILAR BAYONA";pape832;sape832;nombre832;ebo;3;nodata;borrador;duplicada;34;0;NOCENTRO;0
"PILAR BAYONA";pape815;sape815;nombre815;ebo;1;nodata;borrador;irregular;31;0;NOCENTRO;0
"PILAR BAYONA";pape166;sape166;nombre166;ebo;2;nodata;borrador;apta;20;0;NOCENTRO;0
"PILAR BAYONA";pape743;sape743;nombre743;ebo;3;nodata;borrador;duplicada;15;0;NOCENTRO;0
"PILAR BAYONA";pape946;sape946;nombre946;ebo;2;nodata;baremada;apta;15;211;NOCENTRO;0
"PILAR BAYONA";pape106;sape106;nombre106;ebo;3;nodata;borrador;irregular;14;0;NOCENTRO;0
"PILAR BAYONA";pape865;sape865;nombre865;ebo;1;nodata;baremada;duplicada;12;117;NOCENTRO;0
"PILAR BAYONA";pape841;sape841;nombre841;ebo;1;nodata;baremada;apta;3;276;NOCENTRO;0
"ZARAGOZA SUR";pape722;sape722;nombre722;ebo;3;nodata;baremada;irregular;197;277;NOCENTRO;0
"ZARAGOZA SUR";pape719;sape719;nombre719;ebo;2;nodata;borrador;apta;192;0;NOCENTRO;0
"ZARAGOZA SUR";pape132;sape132;nombre132;ebo;1;nodata;borrador;irregular;177;0;NOCENTRO;0
"ZARAGOZA SUR";pape75;sape75;nombre75;ebo;3;nodata;baremada;apta;152;330;NOCENTRO;0
"ZARAGOZA SUR";pape633;sape633;nombre633;ebo;3;nodata;borrador;apta;147;0;NOCENTRO;0
"ZARAGOZA SUR";pape963;sape963;nombre963;ebo;1;nodata;baremada;duplicada;144;112;NOCENTRO;0
"ZARAGOZA SUR";pape61;sape61;nombre61;ebo;1;nodata;baremada;apta;141;346;NOCENTRO;0
"ZARAGOZA SUR";pape536;sape536;nombre536;ebo;2;nodata;borrador;apta;137;0;NOCENTRO;0
"ZARAGOZA SUR";pape814;sape814;nombre814;ebo;2;nodata;borrador;apta;131;0;NOCENTRO;0
"ZARAGOZA SUR";pape714;sape714;nombre714;ebo;1;nodata;baremada;irregular;107;78;NOCENTRO;0
"ZARAGOZA SUR";pape473;sape473;nombre473;ebo;3;nodata;borrador;duplicada;107;0;NOCENTRO;0
"ZARAGOZA SUR";pape861;sape861;nombre861;ebo;3;nodata;baremada;irregular;92;159;NOCENTRO;0
"ZARAGOZA SUR";pape298;sape298;nombre298;ebo;2;nodata;borrador;duplicada;86;0;NOCENTRO;0
"ZARAGOZA SUR";pape389;sape389;nombre389;ebo;1;nodata;baremada;irregular;80;297;NOCENTRO;0
"ZARAGOZA SUR";pape756;sape756;nombre756;ebo;1;nodata;baremada;duplicada;78;305;NOCENTRO;0
"ZARAGOZA SUR";pape581;sape581;nombre581;ebo;1;nodata;borrador;irregular;76;0;NOCENTRO;0
"ZARAGOZA SUR";pape477;sape477;nombre477;ebo;3;nodata;baremada;duplicada;74;101;NOCENTRO;0
"ZARAGOZA SUR";pape670;sape670;nombre670;ebo;1;nodata;baremada;duplicada;69;41;NOCENTRO;0
"ZARAGOZA SUR";pape878;sape878;nombre878;ebo;1;nodata;borrador;irregular;66;0;NOCENTRO;0
"ZARAGOZA SUR";pape67;sape67;nombre67;ebo;1;nodata;baremada;apta;49;51;NOCENTRO;0
"ZARAGOZA SUR";pape93;sape93;nombre93;ebo;3;nodata;baremada;duplicada;45;72;NOCENTRO;0
"ZARAGOZA SUR";pape426;sape426;nombre426;ebo;1;nodata;baremada;duplicada;45;77;NOCENTRO;0
"ZARAGOZA SUR";pape665;sape665;nombre665;ebo;2;nodata;baremada;irregular;37;79;NOCENTRO;0
"ZARAGOZA SUR";pape656;sape656;nombre656;ebo;2;nodata;baremada;apta;32;142;NOCENTRO;0
"ZARAGOZA SUR";pape483;sape483;nombre483;ebo;2;nodata;borrador;duplicada;32;0;NOCENTRO;0
"ZARAGOZA SUR";pape372;sape372;nombre372;ebo;2;nodata;baremada;duplicada;11;152;NOCENTRO;0
"ZARAGOZA SUR";pape509;sape509;nombre509;ebo;3;nodata;baremada;duplicada;7;206;NOCENTRO;0
"VAL DE LA ATALAYA";pape767;sape767;nombre767;ebo;2;nodata;baremada;irregular;200;222;NOCENTRO;0
"VAL DE LA ATALAYA";pape345;sape345;nombre345;ebo;1;nodata;borrador;duplicada;191;0;NOCENTRO;0
"VAL DE LA ATALAYA";pape73;sape73;nombre73;ebo;1;nodata;borrador;irregular;186;0;NOCENTRO;0
"VAL DE LA ATALAYA";pape131;sape131;nombre131;ebo;3;nodata;baremada;irregular;182;329;NOCENTRO;0
"VAL DE LA ATALAYA";pape391;sape391;nombre391;ebo;1;nodata;borrador;apta;177;0;NOCENTRO;0
"VAL DE LA ATALAYA";pape555;sape555;nombre555;ebo;3;nodata;borrador;apta;176;0;NOCENTRO;0
"VAL DE LA ATALAYA";pape896;sape896;nombre896;ebo;3;nodata;baremada;duplicada;175;124;NOCENTRO;0
"VAL DE LA ATALAYA";pape121;sape121;nombre121;ebo;2;nodata;borrador;duplicada;171;0;NOCENTRO;0
"VAL DE LA ATALAYA";pape206;sape206;nombre206;ebo;1;nodata;baremada;irregular;167;365;NOCENTRO;0
"VAL DE LA ATALAYA";pape623;sape623;nombre623;ebo;1;nodata;borrador;apta;162;0;NOCENTRO;0
"VAL DE LA ATALAYA";pape237;sape237;nombre237;ebo;1;nodata;borrador;duplicada;157;0;NOCENTRO;0
"VAL DE LA ATALAYA";pape838;sape838;nombre838;ebo;1;nodata;baremada;duplicada;135;337;NOCENTRO;0
"VAL DE LA ATALAYA";pape468;sape468;nombre468;ebo;2;nodata;borrador;irregular;135;0;NOCENTRO;0
"VAL DE LA ATALAYA";pape712;sape712;nombre712;ebo;2;nodata;baremada;apta;132;16;NOCENTRO;0
"VAL DE LA ATALAYA";pape682;sape682;nombre682;ebo;1;nodata;borrador;apta;131;0;NOCENTRO;0
"VAL DE LA ATALAYA";pape197;sape197;nombre197;ebo;3;nodata;borrador;apta;118;0;NOCENTRO;0
"VAL DE LA ATALAYA";pape967;sape967;nombre967;ebo;2;nodata;baremada;duplicada;110;134;NOCENTRO;0
"VAL DE LA ATALAYA";pape824;sape824;nombre824;ebo;1;nodata;borrador;apta;104;0;NOCENTRO;0
"VAL DE LA ATALAYA";pape440;sape440;nombre440;ebo;1;nodata;baremada;apta;98;278;NOCENTRO;0
"VAL DE LA ATALAYA";pape577;sape577;nombre577;ebo;2;nodata;borrador;apta;90;0;NOCENTRO;0
"VAL DE LA ATALAYA";pape586;sape586;nombre586;ebo;1;nodata;baremada;duplicada;88;358;NOCENTRO;0
"VAL DE LA ATALAYA";pape406;sape406;nombre406;ebo;2;nodata;baremada;apta;85;10;NOCENTRO;0
"VAL DE LA ATALAYA";pape754;sape754;nombre754;ebo;2;nodata;baremada;apta;85;284;NOCENTRO;0
"VAL DE LA ATALAYA";pape300;sape300;nombre300;ebo;1;nodata;borrador;apta;85;0;NOCENTRO;0
"VAL DE LA ATALAYA";pape966;sape966;nombre966;ebo;2;nodata;baremada;apta;59;229;NOCENTRO;0
"VAL DE LA ATALAYA";pape8;sape8;nombre8;ebo;1;nodata;borrador;irregular;31;0;NOCENTRO;0
"VAL DE LA ATALAYA";pape958;sape958;nombre958;ebo;1;nodata;borrador;irregular;28;0;NOCENTRO;0
"VAL DE LA ATALAYA";pape126;sape126;nombre126;ebo;3;nodata;borrador;duplicada;28;0;NOCENTRO;0
"VAL DE LA ATALAYA";pape956;sape956;nombre956;ebo;2;nodata;borrador;apta;24;0;NOCENTRO;0
"VAL DE LA ATALAYA";pape151;sape151;nombre151;ebo;2;nodata;borrador;apta;15;0;NOCENTRO;0
"VAL DE LA ATALAYA";pape587;sape587;nombre587;ebo;3;nodata;borrador;apta;11;0;NOCENTRO;0
"VAL DE LA ATALAYA";pape290;sape290;nombre290;ebo;2;nodata;borrador;apta;9;0;NOCENTRO;0
"VAL DE LA ATALAYA";pape858;sape858;nombre858;ebo;1;nodata;borrador;irregular;7;0;NOCENTRO;0
"VAL DE LA ATALAYA";pape209;sape209;nombre209;ebo;2;nodata;borrador;duplicada;5;0;NOCENTRO;0
"FUNDACI”N LABORAL DE LA CONSTRUCCI”N";pape408;sape408;nombre408;ebo;3;nodata;borrador;apta;194;0;NOCENTRO;0
"FUNDACI”N LABORAL DE LA CONSTRUCCI”N";pape772;sape772;nombre772;ebo;2;nodata;baremada;duplicada;193;30;NOCENTRO;0
"FUNDACI”N LABORAL DE LA CONSTRUCCI”N";pape64;sape64;nombre64;ebo;1;nodata;baremada;duplicada;192;349;NOCENTRO;0
"FUNDACI”N LABORAL DE LA CONSTRUCCI”N";pape631;sape631;nombre631;ebo;2;nodata;borrador;irregular;189;0;NOCENTRO;0
"FUNDACI”N LABORAL DE LA CONSTRUCCI”N";pape89;sape89;nombre89;ebo;1;nodata;baremada;irregular;189;187;NOCENTRO;0
"FUNDACI”N LABORAL DE LA CONSTRUCCI”N";pape999;sape999;nombre999;ebo;3;nodata;borrador;apta;176;0;NOCENTRO;0
"FUNDACI”N LABORAL DE LA CONSTRUCCI”N";pape840;sape840;nombre840;ebo;3;nodata;borrador;irregular;159;0;NOCENTRO;0
"FUNDACI”N LABORAL DE LA CONSTRUCCI”N";pape554;sape554;nombre554;ebo;3;nodata;baremada;duplicada;153;22;NOCENTRO;0
"FUNDACI”N LABORAL DE LA CONSTRUCCI”N";pape250;sape250;nombre250;ebo;3;nodata;borrador;irregular;146;0;NOCENTRO;0
"FUNDACI”N LABORAL DE LA CONSTRUCCI”N";pape846;sape846;nombre846;ebo;1;nodata;baremada;irregular;138;356;NOCENTRO;0
"FUNDACI”N LABORAL DE LA CONSTRUCCI”N";pape261;sape261;nombre261;ebo;2;nodata;borrador;irregular;122;0;NOCENTRO;0
"FUNDACI”N LABORAL DE LA CONSTRUCCI”N";pape941;sape941;nombre941;ebo;2;nodata;baremada;duplicada;116;208;NOCENTRO;0
"FUNDACI”N LABORAL DE LA CONSTRUCCI”N";pape746;sape746;nombre746;ebo;1;nodata;baremada;apta;115;46;NOCENTRO;0
"FUNDACI”N LABORAL DE LA CONSTRUCCI”N";pape835;sape835;nombre835;ebo;3;nodata;borrador;apta;114;0;NOCENTRO;0
"FUNDACI”N LABORAL DE LA CONSTRUCCI”N";pape760;sape760;nombre760;ebo;2;nodata;baremada;apta;113;186;NOCENTRO;0
"FUNDACI”N LABORAL DE LA CONSTRUCCI”N";pape171;sape171;nombre171;ebo;3;nodata;borrador;apta;111;0;NOCENTRO;0
"FUNDACI”N LABORAL DE LA CONSTRUCCI”N";pape393;sape393;nombre393;ebo;1;nodata;borrador;irregular;111;0;NOCENTRO;0
"FUNDACI”N LABORAL DE LA CONSTRUCCI”N";pape348;sape348;nombre348;ebo;3;nodata;baremada;duplicada;108;202;NOCENTRO;0
"FUNDACI”N LABORAL DE LA CONSTRUCCI”N";pape690;sape690;nombre690;ebo;1;nodata;borrador;irregular;108;0;NOCENTRO;0
"FUNDACI”N LABORAL DE LA CONSTRUCCI”N";pape392;sape392;nombre392;ebo;2;nodata;baremada;apta;107;81;NOCENTRO;0
"FUNDACI”N LABORAL DE LA CONSTRUCCI”N";pape469;sape469;nombre469;ebo;1;nodata;borrador;duplicada;91;0;NOCENTRO;0
"FUNDACI”N LABORAL DE LA CONSTRUCCI”N";pape210;sape210;nombre210;ebo;2;nodata;borrador;duplicada;86;0;NOCENTRO;0
"FUNDACI”N LABORAL DE LA CONSTRUCCI”N";pape341;sape341;nombre341;ebo;3;nodata;baremada;irregular;73;253;NOCENTRO;0
"FUNDACI”N LABORAL DE LA CONSTRUCCI”N";pape496;sape496;nombre496;ebo;1;nodata;borrador;apta;69;0;NOCENTRO;0
"FUNDACI”N LABORAL DE LA CONSTRUCCI”N";pape816;sape816;nombre816;ebo;1;nodata;borrador;apta;62;0;NOCENTRO;0
"FUNDACI”N LABORAL DE LA CONSTRUCCI”N";pape443;sape443;nombre443;ebo;1;nodata;borrador;irregular;58;0;NOCENTRO;0
"FUNDACI”N LABORAL DE LA CONSTRUCCI”N";pape94;sape94;nombre94;ebo;3;nodata;baremada;duplicada;54;70;NOCENTRO;0
"FUNDACI”N LABORAL DE LA CONSTRUCCI”N";pape492;sape492;nombre492;ebo;1;nodata;baremada;irregular;53;148;NOCENTRO;0
"FUNDACI”N LABORAL DE LA CONSTRUCCI”N";pape198;sape198;nombre198;ebo;3;nodata;baremada;irregular;40;23;NOCENTRO;0
"FUNDACI”N LABORAL DE LA CONSTRUCCI”N";pape833;sape833;nombre833;ebo;3;nodata;borrador;duplicada;32;0;NOCENTRO;0
"FUNDACI”N LABORAL DE LA CONSTRUCCI”N";pape837;sape837;nombre837;ebo;3;nodata;baremada;apta;24;114;NOCENTRO;0
"FUNDACI”N LABORAL DE LA CONSTRUCCI”N";pape265;sape265;nombre265;ebo;3;nodata;baremada;irregular;19;274;NOCENTRO;0
"FUNDACI”N LABORAL DE LA CONSTRUCCI”N";pape247;sape247;nombre247;ebo;2;nodata;baremada;apta;11;266;NOCENTRO;0
"FUNDACI”N LABORAL DE LA CONSTRUCCI”N";pape223;sape223;nombre223;ebo;1;nodata;borrador;duplicada;10;0;NOCENTRO;0
"FUNDACI”N LABORAL DE LA CONSTRUCCI”N";pape736;sape736;nombre736;ebo;3;nodata;baremada;apta;6;347;NOCENTRO;0
"FUNDACI”N LABORAL DE LA CONSTRUCCI”N";pape279;sape279;nombre279;ebo;2;nodata;borrador;duplicada;6;0;NOCENTRO;0
"FUNDACI”N LABORAL DE LA CONSTRUCCI”N";pape96;sape96;nombre96;ebo;1;nodata;borrador;irregular;6;0;NOCENTRO;0
"VILLANUEVA DE G¡LLEGO";pape219;sape219;nombre219;ebo;3;nodata;baremada;apta;200;69;NOCENTRO;0
"VILLANUEVA DE G¡LLEGO";pape567;sape567;nombre567;ebo;3;nodata;borrador;irregular;196;0;NOCENTRO;0
"VILLANUEVA DE G¡LLEGO";pape784;sape784;nombre784;ebo;2;nodata;borrador;duplicada;196;0;NOCENTRO;0
"VILLANUEVA DE G¡LLEGO";pape479;sape479;nombre479;ebo;1;nodata;borrador;apta;195;0;NOCENTRO;0
"VILLANUEVA DE G¡LLEGO";pape302;sape302;nombre302;ebo;1;nodata;borrador;apta;193;0;NOCENTRO;0
"VILLANUEVA DE G¡LLEGO";pape194;sape194;nombre194;ebo;3;nodata;borrador;duplicada;191;0;NOCENTRO;0
"VILLANUEVA DE G¡LLEGO";pape32;sape32;nombre32;ebo;3;nodata;baremada;apta;186;40;NOCENTRO;0
"VILLANUEVA DE G¡LLEGO";pape339;sape339;nombre339;ebo;1;nodata;borrador;duplicada;183;0;NOCENTRO;0
"VILLANUEVA DE G¡LLEGO";pape516;sape516;nombre516;ebo;3;nodata;borrador;apta;180;0;NOCENTRO;0
"VILLANUEVA DE G¡LLEGO";pape788;sape788;nombre788;ebo;1;nodata;baremada;apta;173;289;NOCENTRO;0
"VILLANUEVA DE G¡LLEGO";pape186;sape186;nombre186;ebo;3;nodata;baremada;duplicada;161;97;NOCENTRO;0
"VILLANUEVA DE G¡LLEGO";pape20;sape20;nombre20;ebo;2;nodata;baremada;duplicada;157;281;NOCENTRO;0
"VILLANUEVA DE G¡LLEGO";pape220;sape220;nombre220;ebo;2;nodata;baremada;apta;151;9;NOCENTRO;0
"VILLANUEVA DE G¡LLEGO";pape242;sape242;nombre242;ebo;3;nodata;baremada;apta;95;294;NOCENTRO;0
"VILLANUEVA DE G¡LLEGO";pape600;sape600;nombre600;ebo;3;nodata;borrador;irregular;86;0;NOCENTRO;0
"VILLANUEVA DE G¡LLEGO";pape874;sape874;nombre874;ebo;1;nodata;borrador;apta;81;0;NOCENTRO;0
"VILLANUEVA DE G¡LLEGO";pape173;sape173;nombre173;ebo;2;nodata;borrador;irregular;81;0;NOCENTRO;0
"VILLANUEVA DE G¡LLEGO";pape217;sape217;nombre217;ebo;2;nodata;borrador;apta;80;0;NOCENTRO;0
"VILLANUEVA DE G¡LLEGO";pape750;sape750;nombre750;ebo;2;nodata;baremada;duplicada;78;21;NOCENTRO;0
"VILLANUEVA DE G¡LLEGO";pape79;sape79;nombre79;ebo;2;nodata;baremada;irregular;66;73;NOCENTRO;0
"VILLANUEVA DE G¡LLEGO";pape22;sape22;nombre22;ebo;3;nodata;baremada;apta;61;42;NOCENTRO;0
"VILLANUEVA DE G¡LLEGO";pape452;sape452;nombre452;ebo;2;nodata;baremada;irregular;59;15;NOCENTRO;0
"VILLANUEVA DE G¡LLEGO";pape935;sape935;nombre935;ebo;1;nodata;borrador;apta;54;0;NOCENTRO;0
"VILLANUEVA DE G¡LLEGO";pape852;sape852;nombre852;ebo;3;nodata;borrador;duplicada;51;0;NOCENTRO;0
"VILLANUEVA DE G¡LLEGO";pape759;sape759;nombre759;ebo;1;nodata;baremada;apta;29;295;NOCENTRO;0
"VILLANUEVA DE G¡LLEGO";pape379;sape379;nombre379;ebo;2;nodata;baremada;duplicada;20;344;NOCENTRO;0
"VILLANUEVA DE G¡LLEGO";pape538;sape538;nombre538;ebo;1;nodata;borrador;irregular;19;0;NOCENTRO;0
"VILLANUEVA DE G¡LLEGO";pape142;sape142;nombre142;ebo;2;nodata;baremada;apta;18;217;NOCENTRO;0
"VILLANUEVA DE G¡LLEGO";pape829;sape829;nombre829;ebo;2;nodata;borrador;irregular;14;0;NOCENTRO;0
"SAN JORGE";pape774;sape774;nombre774;ebo;2;nodata;borrador;irregular;190;0;NOCENTRO;0
"SAN JORGE";pape324;sape324;nombre324;ebo;1;nodata;borrador;apta;179;0;NOCENTRO;0
"SAN JORGE";pape385;sape385;nombre385;ebo;2;nodata;baremada;duplicada;169;292;NOCENTRO;0
"SAN JORGE";pape331;sape331;nombre331;ebo;3;nodata;baremada;irregular;166;165;NOCENTRO;0
"SAN JORGE";pape562;sape562;nombre562;ebo;1;nodata;borrador;irregular;153;0;NOCENTRO;0
"SAN JORGE";pape158;sape158;nombre158;ebo;3;nodata;borrador;duplicada;150;0;NOCENTRO;0
"SAN JORGE";pape620;sape620;nombre620;ebo;3;nodata;baremada;apta;128;288;NOCENTRO;0
"SAN JORGE";pape234;sape234;nombre234;ebo;1;nodata;baremada;irregular;119;113;NOCENTRO;0
"SAN JORGE";pape399;sape399;nombre399;ebo;3;nodata;borrador;apta;98;0;NOCENTRO;0
"SAN JORGE";pape844;sape844;nombre844;ebo;3;nodata;baremada;irregular;94;14;NOCENTRO;0
"SAN JORGE";pape565;sape565;nombre565;ebo;1;nodata;borrador;irregular;91;0;NOCENTRO;0
"SAN JORGE";pape83;sape83;nombre83;ebo;2;nodata;borrador;duplicada;87;0;NOCENTRO;0
"SAN JORGE";pape766;sape766;nombre766;ebo;3;nodata;baremada;apta;80;361;NOCENTRO;0
"SAN JORGE";pape283;sape283;nombre283;ebo;1;nodata;baremada;irregular;72;137;NOCENTRO;0
"SAN JORGE";pape730;sape730;nombre730;ebo;2;nodata;baremada;apta;69;245;NOCENTRO;0
"SAN JORGE";pape528;sape528;nombre528;ebo;3;nodata;borrador;apta;67;0;NOCENTRO;0
"SAN JORGE";pape584;sape584;nombre584;ebo;1;nodata;borrador;irregular;58;0;NOCENTRO;0
"SAN JORGE";pape508;sape508;nombre508;ebo;1;nodata;baremada;duplicada;55;190;NOCENTRO;0
"SAN JORGE";pape150;sape150;nombre150;ebo;1;nodata;borrador;apta;53;0;NOCENTRO;0
"SAN JORGE";pape135;sape135;nombre135;ebo;3;nodata;baremada;irregular;44;95;NOCENTRO;0
"SAN JORGE";pape295;sape295;nombre295;ebo;1;nodata;borrador;irregular;42;0;NOCENTRO;0
"SAN JORGE";pape713;sape713;nombre713;ebo;2;nodata;baremada;irregular;40;170;NOCENTRO;0
"SAN JORGE";pape888;sape888;nombre888;ebo;3;nodata;baremada;duplicada;32;54;NOCENTRO;0
"SAN JORGE";pape405;sape405;nombre405;ebo;2;nodata;borrador;apta;29;0;NOCENTRO;0
"SAN JORGE";pape381;sape381;nombre381;ebo;3;nodata;baremada;irregular;29;160;NOCENTRO;0
"SAN JORGE";pape444;sape444;nombre444;ebo;1;nodata;baremada;apta;21;56;NOCENTRO;0
"SAN JORGE";pape309;sape309;nombre309;ebo;2;nodata;baremada;irregular;4;27;NOCENTRO;0
VALDESPARTERA;pape863;sape863;nombre863;ebo;1;nodata;baremada;duplicada;186;360;NOCENTRO;0
VALDESPARTERA;pape88;sape88;nombre88;ebo;3;nodata;borrador;apta;183;0;NOCENTRO;0
VALDESPARTERA;pape301;sape301;nombre301;ebo;3;nodata;baremada;irregular;182;143;NOCENTRO;0
VALDESPARTERA;pape593;sape593;nombre593;ebo;2;nodata;baremada;apta;175;38;NOCENTRO;0
VALDESPARTERA;pape811;sape811;nombre811;ebo;3;nodata;baremada;duplicada;172;257;NOCENTRO;0
VALDESPARTERA;pape116;sape116;nombre116;ebo;1;nodata;baremada;irregular;168;255;NOCENTRO;0
VALDESPARTERA;pape991;sape991;nombre991;ebo;3;nodata;baremada;irregular;164;88;NOCENTRO;0
VALDESPARTERA;pape388;sape388;nombre388;ebo;2;nodata;baremada;irregular;158;227;NOCENTRO;0
VALDESPARTERA;pape394;sape394;nombre394;ebo;2;nodata;baremada;duplicada;154;238;NOCENTRO;0
VALDESPARTERA;pape87;sape87;nombre87;ebo;1;nodata;borrador;duplicada;152;0;NOCENTRO;0
VALDESPARTERA;pape990;sape990;nombre990;ebo;3;nodata;borrador;apta;151;0;NOCENTRO;0
VALDESPARTERA;pape282;sape282;nombre282;ebo;3;nodata;baremada;apta;148;106;NOCENTRO;0
VALDESPARTERA;pape66;sape66;nombre66;ebo;2;nodata;borrador;apta;147;0;NOCENTRO;0
VALDESPARTERA;pape359;sape359;nombre359;ebo;1;nodata;baremada;apta;139;96;NOCENTRO;0
VALDESPARTERA;pape18;sape18;nombre18;ebo;3;nodata;borrador;duplicada;125;0;NOCENTRO;0
VALDESPARTERA;pape228;sape228;nombre228;ebo;3;nodata;borrador;duplicada;123;0;NOCENTRO;0
VALDESPARTERA;pape641;sape641;nombre641;ebo;1;nodata;baremada;irregular;110;122;NOCENTRO;0
VALDESPARTERA;pape597;sape597;nombre597;ebo;3;nodata;baremada;apta;107;80;NOCENTRO;0
VALDESPARTERA;pape233;sape233;nombre233;ebo;3;nodata;baremada;duplicada;106;228;NOCENTRO;0
VALDESPARTERA;pape327;sape327;nombre327;ebo;3;nodata;borrador;irregular;101;0;NOCENTRO;0
VALDESPARTERA;pape213;sape213;nombre213;ebo;2;nodata;borrador;irregular;97;0;NOCENTRO;0
VALDESPARTERA;pape817;sape817;nombre817;ebo;1;nodata;borrador;apta;72;0;NOCENTRO;0
VALDESPARTERA;pape964;sape964;nombre964;ebo;1;nodata;borrador;apta;70;0;NOCENTRO;0
VALDESPARTERA;pape851;sape851;nombre851;ebo;2;nodata;baremada;apta;47;85;NOCENTRO;0
VALDESPARTERA;pape251;sape251;nombre251;ebo;2;nodata;borrador;duplicada;29;0;NOCENTRO;0
VALDESPARTERA;pape78;sape78;nombre78;ebo;1;nodata;borrador;duplicada;21;0;NOCENTRO;0
VALDESPARTERA;pape949;sape949;nombre949;ebo;1;nodata;baremada;apta;19;136;NOCENTRO;0
VALDESPARTERA;pape133;sape133;nombre133;ebo;3;nodata;borrador;irregular;13;0;NOCENTRO;0
VALDESPARTERA;pape662;sape662;nombre662;ebo;3;nodata;baremada;irregular;5;328;NOCENTRO;0
"JEAN PIAGET";pape414;sape414;nombre414;ebo;2;nodata;borrador;irregular;199;0;NOCENTRO;0
"JEAN PIAGET";pape570;sape570;nombre570;ebo;1;nodata;borrador;duplicada;191;0;NOCENTRO;0
"JEAN PIAGET";pape218;sape218;nombre218;ebo;2;nodata;borrador;irregular;184;0;NOCENTRO;0
"JEAN PIAGET";pape926;sape926;nombre926;ebo;3;nodata;baremada;duplicada;167;209;NOCENTRO;0
"JEAN PIAGET";pape178;sape178;nombre178;ebo;3;nodata;borrador;duplicada;164;0;NOCENTRO;0
"JEAN PIAGET";pape33;sape33;nombre33;ebo;3;nodata;borrador;duplicada;152;0;NOCENTRO;0
"JEAN PIAGET";pape615;sape615;nombre615;ebo;3;nodata;borrador;irregular;140;0;NOCENTRO;0
"JEAN PIAGET";pape583;sape583;nombre583;ebo;2;nodata;borrador;apta;135;0;NOCENTRO;0
"JEAN PIAGET";pape412;sape412;nombre412;ebo;1;nodata;borrador;irregular;118;0;NOCENTRO;0
"JEAN PIAGET";pape697;sape697;nombre697;ebo;2;nodata;borrador;apta;106;0;NOCENTRO;0
"JEAN PIAGET";pape23;sape23;nombre23;ebo;3;nodata;borrador;duplicada;95;0;NOCENTRO;0
"JEAN PIAGET";pape521;sape521;nombre521;ebo;2;nodata;borrador;irregular;73;0;NOCENTRO;0
"JEAN PIAGET";pape773;sape773;nombre773;ebo;1;nodata;borrador;apta;53;0;NOCENTRO;0
"JEAN PIAGET";pape417;sape417;nombre417;ebo;2;nodata;borrador;irregular;46;0;NOCENTRO;0
"JEAN PIAGET";pape640;sape640;nombre640;ebo;2;nodata;borrador;irregular;30;0;NOCENTRO;0
"JEAN PIAGET";pape287;sape287;nombre287;ebo;2;nodata;borrador;duplicada;20;0;NOCENTRO;0
"JEAN PIAGET";pape24;sape24;nombre24;ebo;3;nodata;borrador;irregular;7;0;NOCENTRO;0
"JEAN PIAGET";pape733;sape733;nombre733;ebo;3;nodata;baremada;apta;6;193;NOCENTRO;0
"JEAN PIAGET";pape558;sape558;nombre558;ebo;2;nodata;baremada;apta;6;176;NOCENTRO;0
"JEAN PIAGET";pape334;sape334;nombre334;ebo;2;nodata;baremada;apta;6;149;NOCENTRO;0
"JEAN PIAGET";pape919;sape919;nombre919;ebo;2;nodata;baremada;apta;6;12;NOCENTRO;0
"JEAN PIAGET";pape930;sape930;nombre930;ebo;3;nodata;baremada;apta;6;248;NOCENTRO;0
"JEAN PIAGET";pape910;sape910;nombre910;ebo;1;nodata;baremada;apta;6;256;"RINC”N DE GOYA";1
"JEAN PIAGET";pape588;sape588;nombre588;ebo;1;nodata;baremada;apta;6;6;"ANGEL RIVI»RE";1
"JEAN PIAGET";pape715;sape715;nombre715;ebo;2;nodata;baremada;apta;6;263;NOCENTRO;0
"JEAN PIAGET";pape98;sape98;nombre98;ebo;2;nodata;baremada;apta;6;180;NOCENTRO;0
"JEAN PIAGET";pape899;sape899;nombre899;ebo;2;nodata;baremada;apta;6;121;NOCENTRO;0
"JEAN PIAGET";pape894;sape894;nombre894;ebo;3;nodata;baremada;apta;4;32;NOCENTRO;0
"JEAN PIAGET";SALAS;MARTÕN;CLAUDIA;ebo;3;ZARAGOZA;borrador;apta;0;0;"LA PURÕSIMA PARA NI—OS SORDOS";1
"JEAN PIAGET";JADAN;CRESPO;"ANA YAMILETH";ebo;3;ZUERA;borrador;apta;0;0;NOCENTRO;0
"JEAN PIAGET";ap502;ap502;n502;ebo;3;Zaragoza;borrador;apta;0;0;"RAM”N Y CAJAL";0
"JEAN PIAGET";pape448;sape448;nombre448;tva;2;nodata;baremada;apta;6;184;NOCENTRO;0
"JEAN PIAGET";pape614;sape614;nombre614;tva;2;nodata;baremada;apta;6;164;NOCENTRO;0
"JEAN PIAGET";pape398;sape398;nombre398;tva;3;nodata;baremada;apta;6;91;NOCENTRO;0
"JEAN PIAGET";pape25;sape25;nombre25;tva;3;nodata;baremada;apta;6;65;NOCENTRO;0
"JEAN PIAGET";pape294;sape294;nombre294;tva;2;nodata;baremada;apta;6;74;NOCENTRO;0
"ANGEL RIVI»RE";pape77;sape77;nombre77;ebo;3;nodata;borrador;irregular;166;0;NOCENTRO;0
"ANGEL RIVI»RE";pape637;sape637;nombre637;ebo;1;nodata;borrador;irregular;106;0;NOCENTRO;0
"ANGEL RIVI»RE";ap503;ap503;n503;ebo;3;Zaragoza;validada;apta;9;342;"JEAN PIAGET";1
"ANGEL RIVI»RE";ap504;ap504;n504;ebo;3;Zaragoza;validada;apta;7;71;"JEAN PIAGET";1
"ANGEL RIVI»RE";pape145;sape145;nombre145;ebo;3;nodata;validada;apta;6;179;NOCENTRO;0
"ANGEL RIVI»RE";pape701;sape701;nombre701;ebo;2;nodata;baremada;apta;6;262;CEDES;1
"ANGEL RIVI»RE";pape274;sape274;nombre274;ebo;2;nodata;validada;apta;6;258;VERO-ALCANADRE;0
"ANGEL RIVI»RE";pape110;sape110;nombre110;ebo;2;nodata;baremada;apta;6;188;NOCENTRO;0
"ANGEL RIVI»RE";pape404;sape404;nombre404;ebo;2;nodata;validada;apta;6;135;"JEAN PIAGET";0
"ANGEL RIVI»RE";pape68;sape68;nombre68;ebo;3;nodata;validada;irregular;6;236;NOCENTRO;0
"ANGEL RIVI»RE";ap507;ap507;n507;ebo;1;nodata;validada;apta;6;84;"RAM”N Y CAJAL";0
"ANGEL RIVI»RE";pape36;sape36;nombre36;ebo;1;nodata;validada;apta;6;270;"RINC”N DE GOYA";1
"ANGEL RIVI»RE";pape470;sape470;nombre470;ebo;2;nodata;validada;apta;6;315;NOCENTRO;0
"ANGEL RIVI»RE";pape429;sape429;nombre429;ebo;2;nodata;baremada;apta;6;322;NOCENTRO;0
"ANGEL RIVI»RE";pape276;sape276;nombre276;ebo;1;nodata;validada;apta;6;246;CEDES;0
"ANGEL RIVI»RE";LATORRE;CASANOVA;SERGI;ebo;3;ZARAGOZA;baremada;apta;6;273;"DOCTOR AZ⁄A";0
"ANGEL RIVI»RE";pape541;sape541;nombre541;ebo;3;nodata;baremada;duplicada;6;104;NOCENTRO;0
"ANGEL RIVI»RE";pa620;nodata;n630;ebo;1;nodata;validada;apta;6;172;NOCENTRO;0
"ANGEL RIVI»RE";ap3000;ap3000;n3000;ebo;3;nodata;borrador;apta;6;0;"JEAN PIAGET";1
"ANGEL RIVI»RE";pape465;sape465;nombre465;ebo;2;nodata;baremada;apta;6;223;NOCENTRO;0
"ANGEL RIVI»RE";pape47;sape47;nombre47;ebo;2;nodata;borrador;apta;4;0;NOCENTRO;0
"ANGEL RIVI»RE";pape407;sape407;nombre407;ebo;1;nodata;borrador;apta;4;0;NOCENTRO;0
"ANGEL RIVI»RE";pape933;sape933;nombre933;ebo;3;nodata;borrador;duplicada;0;0;NOCENTRO;0
"ANGEL RIVI»RE";ap502;ap502;n502;ebo;1;nodata;borrador;apta;0;0;CEDES;1
"ANGEL RIVI»RE";pape76;sape76;nombre76;tva;3;nodata;baremada;apta;8;210;NOCENTRO;0
"ANGEL RIVI»RE";pape895;sape895;nombre895;tva;1;nodata;baremada;apta;6;123;"JEAN PIAGET";0
"ANGEL RIVI»RE";pape661;sape661;nombre661;tva;1;nodata;baremada;apta;6;68;"RINC”N DE GOYA";1
"ANGEL RIVI»RE";pape806;sape806;nombre806;tva;2;nodata;baremada;apta;1;43;"JEAN PIAGET";0
ALBORADA;LAGUNA;QUIROS;ANDRES;ebo;3;ZARAGOZA;borrador;apta;0;0;NOCENTRO;0
"EL SALVADOR";pa112;nodata;n112;ebo;3;nodata;borrador;apta;0;0;NOCENTRO;0
"EL SALVADOR";pa111;nodata;n111;ebo;3;nodata;borrador;apta;0;0;NOCENTRO;0
CEDES;pa607;nodata;n607;ebo;3;ZaidÌn;borrador;apta;0;0;NOCENTRO;0
CEDES;ap501;ap501;n501;ebo;3;nodata;borrador;apta;0;0;NOCENTRO;0
CEDES;pa606;nodata;n606;ebo;3;MonzÛn;borrador;apta;0;0;NOCENTRO;0
"SAN JORGE";ass;nodata;asa;ebo;3;nodata;borrador;apta;0;0;NOCENTRO;0
"LA ALEGRÕA";pa618;nodata;n618;ebo;3;nodata;baremada;apta;6;53;NOCENTRO;0
"LA ALEGRÕA";pa618;nodata;n618;ebo;3;nodata;borrador;apta;6;0;NOCENTRO;0
"LA ALEGRÕA";pa321;nodata;n321;ebo;3;nodata;validada;apta;6;269;NOCENTRO;0
"LA ALEGRÕA";pa610;nodata;n610;ebo;3;nodata;validada;apta;0;359;NOCENTRO;0
"LA ALEGRÕA";pa608;nodata;n608;ebo;3;nodata;validada;apta;0;182;NOCENTRO;0
"LA ALEGRÕA";pa617;nodata;n617;tva;3;nodata;borrador;apta;0;0;NOCENTRO;0
"LA ALEGRÕA";pa614;nodata;n614;tva;3;nodata;borrador;apta;0;0;NOCENTRO;0
"LA ALEGRÕA";pa611;nodata;n611;tva;3;nodata;validada;apta;0;133;NOCENTRO;0
"LA ALEGRÕA";pa616;nodata;n616;tva;3;nodata;validada;apta;0;303;VERO-ALCANADRE;0
"LA ALEGRÕA";pa612;nodata;n612;tva;3;nodata;borrador;apta;0;0;NOCENTRO;0
"BIELLO ARAG”N";pa600;sa600;n600;ebo;3;nodata;borrador;apta;0;0;NOCENTRO;0
"BIELLO ARAG”N";pa406;nodata;n406;ebo;3;nodata;borrador;apta;0;0;NOCENTRO;0
"BIELLO ARAG”N";pa601;sa601;n601;ebo;3;nodata;borrador;apta;0;0;NOCENTRO;0
"BIELLO ARAG”N";pa410;nodata;n410;ebo;3;nodata;borrador;apta;0;0;NOCENTRO;0
"BIELLO ARAG”N";pa602;nodata;n602;ebo;3;nodata;borrador;apta;0;0;NOCENTRO;0
"BIELLO ARAG”N";pa312;nodata;n312;ebo;3;nodata;borrador;apta;0;0;"RAM”N Y CAJAL";0
MONTECORONA;pa310;nodata;n310;ebo;3;nodata;validada;apta;6;82;NOCENTRO;0
MONTECORONA;pa422;nodata;n422;ebo;2;nodata;validada;apta;6;153;NOCENTRO;0
MONTECORONA;pa421;nodata;n421;ebo;2;nodata;validada;apta;6;271;NOCENTRO;0
MONTECORONA;pa320;nodata;n320;ebo;3;nodata;validada;apta;6;239;NOCENTRO;0
MONTECORONA;pape334;nodata;nombre334;ebo;1;nodata;baremada;apta;6;313;NOCENTRO;0
MONTECORONA;pa422;nodata;n422;ebo;2;nodata;validada;apta;6;175;NOCENTRO;0
MONTECORONA;pa404;nodata;n404;ebo;3;nodata;validada;apta;6;191;NOCENTRO;0
MONTECORONA;pa430;nodata;n430;ebo;1;nodata;validada;apta;0;64;NOCENTRO;0
PIR¡MIDE;BECANA;PRATS;HECTOR;ebo;3;SariÒena;borrador;apta;0;0;NOCENTRO;0
PIR¡MIDE;pa400;nodata;n400;ebo;3;nodata;borrador;apta;0;0;NOCENTRO;0
NOCENTRO;pape125;sape125;nombre125;ebo;3;nodata;baremada;irregular;0;275;NOCENTRO;0
NOCENTRO;pa300;nodata;n300;ebo;3;nodata;borrador;apta;0;0;NOCENTRO;0
NOCENTRO;pape447;sape447;nombre447;ebo;1;nodata;borrador;duplicada;0;0;NOCENTRO;0
